'23 YouTubers,'23 Subs,'24 YouTubers,'24 Subs
T-Series,245000000,T-Series,258400000
MrBeast,166000000,MrBeast,236100000
Cocomelon - Nursery Rhymes,162000000,Cocomelon - Nursery Rhymes,171400000
SET India,159000000,SET India,167100000
    Kids Diana Show,112000000,✿ Kids Diana Show,118500000
PewDiePie,111000000,Like Nastya,112600000
Like Nastya,106000000,PewDiePie,111600000
Vlad and Niki,98900000,Vlad and Niki,109600000
Zee Music Company,96700000,Zee Music Company,104500000
WWE,96000000,WWE,99000000
BLACKPINK,89800000,Goldmines,94000000
Goldmines,86900000,BLACKPINK,93200000
Sony SAB,83000000,Sony SAB,89100000
5-Minute Crafts,80100000,5-Minute Crafts,80600000
BANGTANTV,75600000,BANGTANTV,77400000
Justin Bieber,71600000,Zee TV,77000000
HYBE LABELS,71300000,HYBE LABELS,73900000
Zee TV,70500000,Justin Bieber,72600000
Pinkfong Baby Shark - Kids' Songs & Stories,68200000,Pinkfong Baby Shark - Kids' Songs & Stories,72500000
Canal KondZilla,66500000,Colors TV,70200000
ChuChu TV Nursery Rhymes & Kids Songs,65900000,ChuChu TV Nursery Rhymes & Kids Songs,69800000
Shemaroo Filmi Gaane,65600000,Shemaroo Filmi Gaane,67400000
Colors TV,64600000,Canal KondZilla,67000000
T-Series Bhakti Sagar,61000000,T-Series Bhakti Sagar,65800000
Dude Perfect,59500000,Tips Official,63500000
Movieclips,59500000,El Reino Infantil,62400000
Tips Official,59300000,Aaj Tak,61900000
El Reino Infantil,58400000,Movieclips,60700000
Wave Music,58000000,Wave Music,60500000
Aaj Tak,57600000,Dude Perfect,60000000
Sony Music India,57200000,Sony Music India,59300000
EminemMusic,56900000,Infobells - Hindi,59100000
Marshmello,56400000,EminemMusic,58900000
YRF,54600000,YRF,58300000
LooLoo Kids - Nursery Rhymes and Children's Songs,54000000,Marshmello,56900000
Ed Sheeran,53500000,Taylor Swift,56600000
Infobells - Hindi,53300000,LooLoo Kids - Nursery Rhymes and Children's Songs,56100000
Taylor Swift,52900000,BillionSurpriseToys  - Nursery Rhymes & Cartoons,55200000
Ariana Grande,52700000,Ed Sheeran,54300000
BillionSurpriseToys  - Nursery Rhymes & Cartoons,52200000,Ariana Grande,53500000
JuegaGerman,48100000,Shemaroo,51400000
Billie Eilish,47900000,Toys and Colors,51100000
Get Movies,47500000,A4,50500000
Shemaroo,47400000,ARY Digital HD,50500000
Badabun,46800000,HAR PAL GEO,50100000
SonyMusicIndiaVEVO,46600000,Get Movies,49400000
A4,46300000,JuegaGerman,49200000
Bad Bunny,46100000,Billie Eilish,49100000
Fernanfloo,46100000,SonyMusicIndiaVEVO,49000000
Voot Kids,45500000,Mikecrack,47400000
